航线,风速下限,风速上限,浪向,浪高下限,预报时段起,浪高上限,风向,预报时段止
深圳机场到香港机场,3,4,偏南,0.3,"2020-06-03 08:00:00",0.6,南-西南,"2020-06-04 08:00:00"
深圳机场到香港机场,3,4,偏南,0.3,"2020-06-04 08:00:00",0.6,西南,"2020-06-05 08:00:00"
深圳机场到香港机场,3,4,偏南,0.3,"2020-06-29 08:00:00",0.6,南南西,"2020-06-30 08:00:00"
深圳机场到香港机场,3,4,偏南,0.3,"2020-06-30 08:00:00",0.5,南南西,"2020-07-01 08:00:00"
深圳机场到香港机场,3,4,偏南,0.4,"2020-07-03 08:00:00",0.7,偏南,"2020-07-04 08:00:00"
深圳机场到香港机场,3,4,偏南,0.4,"2020-07-04 08:00:00",0.7,偏南,"2020-07-05 08:00:00"
深圳机场到香港机场,2,3,偏南,0.3,"2020-07-13 08:00:00",0.5,偏南,"2020-07-14 08:00:00"
深圳机场到香港机场,2,3,偏南,0.3,"2020-07-14 08:00:00",0.5,偏南,"2020-07-15 08:00:00"
深圳机场到香港机场,3,4,南,0.3,"2020-07-18 08:00:00",0.6,西南,"2020-07-19 08:00:00"
深圳机场到香港机场,3,4,南,0.3,"2020-07-19 08:00:00",0.6,南,"2020-07-20 08:00:00"
深圳机场到香港机场,3,3,南,0.3,"2020-07-20 08:00:00",0.5,南,"2020-07-21 08:00:00"
深圳机场到香港机场,2,3,偏南,0.2,"2020-07-21 08:00:00",0.4,偏南,"2020-07-22 08:00:00"
深圳机场到香港机场,2,3,偏南,0.2,"2020-07-22 08:00:00",0.4,偏南,"2020-07-23 08:00:00"
深圳机场到香港机场,2,3,偏南,0.2,"2020-07-23 08:00:00",0.4,偏南,"2020-07-24 08:00:00"
深圳机场到香港机场,2,3,西南,0.2,"2020-07-25 08:00:00",0.4,西南,"2020-07-26 08:00:00"
深圳机场到香港机场,3,3,西南,0.2,"2020-07-26 08:00:00",0.5,西南,"2020-07-27 08:00:00"
深圳机场到香港机场,2,3,西南,0.3,"2020-07-27 08:00:00",0.6,西南,"2020-07-28 08:00:00"
深圳机场到香港机场,2,3,西南,0.2,"2020-07-28 08:00:00",0.5,西南,"2020-07-29 08:00:00"
深圳机场到香港机场,2,3,偏南,0.2,"2020-07-29 08:00:00",0.5,偏东,"2020-07-30 08:00:00"
深圳机场到香港机场,2,3,偏南,0.2,"2020-07-30 08:00:00",0.4,偏东,"2020-07-31 08:00:00"
深圳机场到香港机场,3,4,偏东,0.3,"2020-10-04 08:00:00",0.7,东北,"2020-10-05 08:00:00"
深圳机场到香港机场,4,5,东北,0.4,"2020-10-05 08:00:00",0.8,东北,"2020-10-06 08:00:00"
深圳机场到香港机场,4,5,东北-东,0.3,"2020-10-10 08:00:00",0.7,东北-东,"2020-10-11 08:00:00"
深圳机场到香港机场,4,5,东北-东,0.3,"2020-10-11 08:00:00",0.6,东北-东,"2020-10-12 08:00:00"
深圳机场到香港机场,4,6,东北东,0.3,"2020-10-12 08:00:00",0.6,东北,"2020-10-13 08:00:00"
深圳机场到香港机场,5,6,东北东,0.5,"2020-10-13 08:00:00",1,东北-东,"2020-10-14 08:00:00"
深圳蛇口到珠海九洲,4,5,偏南,0.4,"2020-06-03 08:00:00",0.7,南-西南,"2020-06-04 08:00:00"
深圳蛇口到珠海九洲,4,5,偏南,0.4,"2020-06-04 08:00:00",0.7,西南,"2020-06-05 08:00:00"
深圳蛇口到珠海九洲,3,4,偏南,0.4,"2020-06-29 08:00:00",0.6,南南西,"2020-06-30 08:00:00"
深圳蛇口到珠海九洲,3,4,偏南,0.4,"2020-06-30 08:00:00",0.6,南南西,"2020-07-01 08:00:00"
深圳蛇口到珠海九洲,4,4,偏南,0.6,"2020-07-03 08:00:00",0.9,偏南,"2020-07-04 08:00:00"
深圳蛇口到珠海九洲,4,4,偏南,0.6,"2020-07-04 08:00:00",0.9,偏南,"2020-07-05 08:00:00"
深圳蛇口到珠海九洲,3,3,偏南,0.4,"2020-07-13 08:00:00",0.7,偏南,"2020-07-14 08:00:00"
深圳蛇口到珠海九洲,3,3,偏南,0.4,"2020-07-14 08:00:00",0.7,偏南,"2020-07-15 08:00:00"
深圳蛇口到珠海九洲,4,4,南,0.4,"2020-07-18 08:00:00",0.8,西南,"2020-07-19 08:00:00"
深圳蛇口到珠海九洲,4,4,南,0.4,"2020-07-19 08:00:00",0.8,南,"2020-07-20 08:00:00"
深圳蛇口到珠海九洲,3,4,南,0.4,"2020-07-20 08:00:00",0.6,南,"2020-07-21 08:00:00"
深圳蛇口到珠海九洲,3,3,偏南,0.3,"2020-07-21 08:00:00",0.5,偏南,"2020-07-22 08:00:00"
深圳蛇口到珠海九洲,3,3,偏南,0.3,"2020-07-22 08:00:00",0.5,偏南,"2020-07-23 08:00:00"
深圳蛇口到珠海九洲,3,3,偏南,0.3,"2020-07-23 08:00:00",0.5,偏南,"2020-07-24 08:00:00"
深圳蛇口到珠海九洲,2,3,西南,0.3,"2020-07-25 08:00:00",0.5,西南,"2020-07-26 08:00:00"
深圳蛇口到珠海九洲,3,4,西南,0.3,"2020-07-26 08:00:00",0.6,西南,"2020-07-27 08:00:00"
深圳蛇口到珠海九洲,3,4,西南,0.3,"2020-07-27 08:00:00",0.7,西南,"2020-07-28 08:00:00"
深圳蛇口到珠海九洲,3,4,西南,0.3,"2020-07-28 08:00:00",0.6,西南,"2020-07-29 08:00:00"
深圳蛇口到珠海九洲,3,4,偏南,0.3,"2020-07-29 08:00:00",0.6,偏东,"2020-07-30 08:00:00"
深圳蛇口到珠海九洲,3,4,偏南,0.3,"2020-07-30 08:00:00",0.5,偏东,"2020-07-31 08:00:00"
深圳蛇口到珠海九洲,3,5,偏东,0.4,"2020-10-04 08:00:00",0.8,东北,"2020-10-05 08:00:00"
深圳蛇口到珠海九洲,4,6,东北,0.5,"2020-10-05 08:00:00",1,东北,"2020-10-06 08:00:00"
深圳蛇口到珠海九洲,4,5,东北-东,0.4,"2020-10-10 08:00:00",0.8,东北-东,"2020-10-11 08:00:00"
深圳蛇口到珠海九洲,4,5,东北-东,0.4,"2020-10-11 08:00:00",0.8,东北-东,"2020-10-12 08:00:00"
深圳蛇口到珠海九洲,4,6,东北东,0.4,"2020-10-12 08:00:00",0.8,东北,"2020-10-13 08:00:00"
深圳蛇口到珠海九洲,5,6,东北东,0.5,"2020-10-13 08:00:00",1.3,东北-东,"2020-10-14 08:00:00"
深圳蛇口到珠海九洲,2,3,东北,0.2,"2021-03-24 08:00:00",0.6,东北,"2021-03-25 08:00:00"
深圳蛇口到珠海九洲,3,4,东,0.2,"2021-03-25 08:00:00",0.7,东,"2021-03-26 08:00:00"
深圳机场到香港机场,2,3,东北,0.1,"2021-03-24 08:00:00",0.5,东北,"2021-03-25 08:00:00"
深圳机场到香港机场,3,4,东,0.1,"2021-03-25 08:00:00",0.6,东,"2021-03-26 08:00:00"
深圳蛇口到珠海九洲,3,3,东北,0.2,"2021-03-25 08:00:00",0.6,东北,"2021-03-26 08:00:00"
深圳机场到香港机场,3,3,东北,0.1,"2021-03-25 08:00:00",0.5,东北,"2021-03-26 08:00:00"
深圳蛇口到珠海九洲,3,3,东,0.2,"2021-03-26 08:00:00",0.5,东,"2021-03-27 08:00:00"
深圳机场到香港机场,2,2,东,0.1,"2021-03-26 08:00:00",0.4,东,"2021-03-27 08:00:00"
深圳蛇口到珠海九洲,3,4,东南,0.2,"2021-03-26 08:00:00",0.7,东南,"2021-03-27 08:00:00"
深圳机场到香港机场,3,4,东南,0.1,"2021-03-26 08:00:00",0.5,东南,"2021-03-27 08:00:00"
深圳蛇口到珠海九洲,2,3,东南,0.2,"2021-03-27 08:00:00",0.6,东南,"2021-03-28 08:00:00"
深圳机场到香港机场,2,3,东南,0.1,"2021-03-27 08:00:00",0.4,东南,"2021-03-28 08:00:00"
深圳蛇口到珠海九洲,2,3,偏南,0.2,"2021-03-28 08:00:00",0.5,南-东南,"2021-03-29 08:00:00"
深圳机场到香港机场,2,3,偏南,0.1,"2021-03-28 08:00:00",0.4,南-东南,"2021-03-29 08:00:00"
深圳蛇口到珠海九洲,2,3,偏南,0.2,"2021-03-29 08:00:00",0.5,偏南,"2021-03-30 08:00:00"
深圳蛇口到珠海九洲,3,4,偏南,0.2,"2021-03-30 08:00:00",0.6,偏南,"2021-03-31 08:00:00"
深圳机场到香港机场,2,3,偏南,0.1,"2021-03-29 08:00:00",0.4,偏南,"2021-03-30 08:00:00"
深圳机场到香港机场,3,4,偏南,0.1,"2021-03-30 08:00:00",0.5,偏南,"2021-03-31 08:00:00"
深圳蛇口到珠海九洲,3,3,偏南,0.1,"2021-03-30 08:00:00",0.7,偏南,"2021-03-31 08:00:00"
深圳机场到香港机场,3,3,偏南,0.1,"2021-03-30 08:00:00",0.6,偏南,"2021-03-31 08:00:00"
深圳蛇口到珠海九洲,3,4,偏南,0.1,"2021-03-31 08:00:00",0.7,偏南,"2021-04-01 08:00:00"
深圳机场到香港机场,3,4,偏南,0.1,"2021-03-31 08:00:00",0.6,偏南,"2021-04-01 08:00:00"
深圳蛇口到珠海九洲,3,4,偏南,0.1,"2021-03-31 08:00:00",0.6,偏南,"2021-04-01 08:00:00"
深圳机场到香港机场,3,4,偏南,0.1,"2021-03-31 08:00:00",0.5,偏南,"2021-04-01 08:00:00"
深圳蛇口到珠海九洲,3,4,偏南,0.1,"2021-04-01 08:00:00",0.6,偏南,"2021-04-02 08:00:00"
深圳机场到香港机场,3,4,偏南,0.1,"2021-04-01 08:00:00",0.5,偏南,"2021-04-02 08:00:00"
深圳蛇口到珠海九洲,2,3,南,0.2,"2021-04-02 08:00:00",0.6,南,"2021-04-03 08:00:00"
深圳机场到香港机场,2,3,南,0.1,"2021-04-02 08:00:00",0.4,南,"2021-04-03 08:00:00"
深圳蛇口到珠海九洲,3,4,南,0.2,"2021-04-01 08:00:00",0.7,南,"2021-04-02 08:00:00"
深圳机场到香港机场,3,4,南,0.1,"2021-04-01 08:00:00",0.5,南,"2021-04-02 08:00:00"
深圳蛇口到珠海九洲,3,5,偏东,0.4,"2021-04-04 08:00:00",0.9,偏东,"2021-04-05 08:00:00"
深圳机场到香港机场,2,4,偏东,0.2,"2021-04-04 08:00:00",0.5,偏东,"2021-04-05 08:00:00"
深圳蛇口到珠海九洲,2,3,南,0.2,"2021-04-03 08:00:00",0.7,东南,"2021-04-04 08:00:00"
深圳机场到香港机场,2,3,南,0.1,"2021-04-03 08:00:00",0.5,东南,"2021-04-04 08:00:00"
深圳蛇口到珠海九洲,2,3,南,0.2,"2021-04-02 08:00:00",0.6,南,"2021-04-03 08:00:00"
深圳机场到香港机场,2,3,南,0.1,"2021-04-02 08:00:00",0.4,南,"2021-04-03 08:00:00"
深圳蛇口到珠海九洲,3,3,偏东,0.3,"2021-04-06 08:00:00",0.6,偏东,"2021-04-07 08:00:00"
深圳蛇口到珠海九洲,3,3,偏东,0.2,"2021-04-07 08:00:00",0.5,偏东,"2021-04-08 08:00:00"
深圳机场到香港机场,2,3,偏东,0.1,"2021-04-06 08:00:00",0.4,偏东,"2021-04-07 08:00:00"
深圳机场到香港机场,3,3,偏东,0.1,"2021-04-07 08:00:00",0.3,偏东,"2021-04-08 08:00:00"
深圳蛇口到珠海九洲,3,4,东南,0.3,"2021-04-07 08:00:00",0.7,偏东,"2021-04-08 08:00:00"
深圳机场到香港机场,3,4,东南,0.1,"2021-04-07 08:00:00",0.5,偏东,"2021-04-08 08:00:00"
深圳蛇口到珠海九洲,3,4,东南,0.3,"2021-04-08 08:00:00",0.9,偏东,"2021-04-09 08:00:00"
深圳机场到香港机场,3,4,东南,0.1,"2021-04-08 08:00:00",0.6,偏东,"2021-04-09 08:00:00"
深圳蛇口到珠海九洲,4,5,偏东,0.4,"2021-04-09 08:00:00",0.8,偏东,"2021-04-10 08:00:00"
深圳机场到香港机场,4,5,偏东,0.4,"2021-04-09 08:00:00",0.7,偏东,"2021-04-10 08:00:00"
深圳蛇口到珠海九洲,3,4,偏东,0.3,"2021-04-08 08:00:00",0.7,偏东,"2021-04-09 08:00:00"
深圳机场到香港机场,3,4,偏东,0.3,"2021-04-08 08:00:00",0.6,偏东,"2021-04-09 08:00:00"
深圳蛇口到珠海九洲,3,4,偏东,0.2,"2021-04-09 08:00:00",0.7,偏东,"2021-04-10 08:00:00"
深圳机场到香港机场,3,4,偏东,0.2,"2021-04-09 08:00:00",0.6,偏东,"2021-04-10 08:00:00"
深圳蛇口到珠海九洲,3,4,偏东,0.2,"2021-04-10 08:00:00",0.7,偏东,"2021-04-11 08:00:00"
深圳机场到香港机场,3,4,偏东,0.2,"2021-04-10 08:00:00",0.6,偏东,"2021-04-11 08:00:00"
深圳蛇口到珠海九洲,3,3,偏东,0.1,"2021-04-12 08:00:00",0.6,偏东,"2021-04-13 08:00:00"
深圳蛇口到珠海九洲,2,3,偏东,0.2,"2021-04-13 08:00:00",0.6,偏东,"2021-04-14 08:00:00"
深圳机场到香港机场,3,3,偏东,0.1,"2021-04-12 08:00:00",0.5,偏东,"2021-04-13 08:00:00"
深圳机场到香港机场,2,3,偏东,0.1,"2021-04-13 08:00:00",0.5,偏东,"2021-04-14 08:00:00"
深圳蛇口到珠海九洲,3,4,偏东,0.2,"2021-04-15 08:00:00",0.7,偏东,"2021-04-16 08:00:00"
深圳机场到香港机场,3,4,偏东,0.1,"2021-04-15 08:00:00",0.6,偏东,"2021-04-16 08:00:00"
深圳蛇口到珠海九洲,3,4,偏东,0.2,"2021-04-14 08:00:00",0.7,偏东,"2021-04-15 08:00:00"
深圳机场到香港机场,3,4,偏东,0.1,"2021-04-14 08:00:00",0.6,偏东,"2021-04-15 08:00:00"
深圳蛇口到珠海九洲,3,4,偏东,0.3,"2021-04-15 08:00:00",0.9,偏东,"2021-04-16 08:00:00"
深圳机场到香港机场,3,4,偏东,0.1,"2021-04-15 08:00:00",0.6,偏东,"2021-04-16 08:00:00"
深圳蛇口到珠海九洲,3,4,偏东,0.2,"2021-04-16 08:00:00",0.7,偏东,"2021-04-17 08:00:00"
深圳机场到香港机场,3,4,偏东,0.1,"2021-04-16 08:00:00",0.5,偏东,"2021-04-17 08:00:00"
深圳蛇口到珠海九洲,4,5,偏东,0.5,"2021-04-17 08:00:00",1,偏东,"2021-04-18 08:00:00"
深圳蛇口到珠海九洲,4,5,偏东,0.6,"2021-04-18 08:00:00",1.2,偏东,"2021-04-19 08:00:00"
深圳机场到香港机场,4,5,偏东,0.4,"2021-04-17 08:00:00",0.7,偏东,"2021-04-18 08:00:00"
深圳机场到香港机场,4,5,偏东,0.4,"2021-04-18 08:00:00",0.8,偏东,"2021-04-19 08:00:00"
深圳蛇口到珠海九洲,4,5,偏东,0.4,"2021-04-20 08:00:00",1,偏东,"2021-04-21 08:00:00"
深圳蛇口到珠海九洲,3,4,偏东,0.3,"2021-04-21 08:00:00",0.8,偏东,"2021-04-22 08:00:00"
深圳机场到香港机场,4,5,偏东,0.3,"2021-04-20 08:00:00",0.9,偏东,"2021-04-21 08:00:00"
深圳机场到香港机场,3,4,偏东,0.2,"2021-04-21 08:00:00",0.7,偏东,"2021-04-22 08:00:00"
深圳蛇口到珠海九洲,3,3,偏东,0.2,"2021-04-21 08:00:00",0.6,偏东,"2021-04-22 08:00:00"
深圳机场到香港机场,3,3,偏东,0.2,"2021-04-21 08:00:00",0.7,偏东,"2021-04-22 08:00:00"
深圳蛇口到珠海九洲,2,3,偏东,0.2,"2021-04-22 08:00:00",0.5,偏东,"2021-04-23 08:00:00"
深圳机场到香港机场,2,3,偏东,0.2,"2021-04-22 08:00:00",0.6,偏东,"2021-04-23 08:00:00"
深圳蛇口到珠海九洲,2,2,偏东,0.2,"2021-04-23 08:00:00",0.7,偏东,"2021-04-24 08:00:00"
深圳机场到香港机场,2,2,偏东,0.2,"2021-04-23 08:00:00",0.5,偏东,"2021-04-24 08:00:00"
深圳蛇口到珠海九洲,2,3,偏东,0.3,"2021-04-22 08:00:00",0.9,偏东,"2021-04-23 08:00:00"
深圳机场到香港机场,2,3,偏东,0.2,"2021-04-22 08:00:00",0.6,偏东,"2021-04-23 08:00:00"
深圳蛇口到珠海九洲,3,4,东南,0.3,"2021-04-24 08:00:00",0.7,偏南,"2021-04-25 08:00:00"
深圳机场到香港机场,3,3,东南,0.3,"2021-04-24 08:00:00",0.5,偏南,"2021-04-25 08:00:00"
深圳蛇口到珠海九洲,3,4,东南,0.3,"2021-04-25 08:00:00",0.7,偏南,"2021-04-26 08:00:00"
深圳机场到香港机场,3,3,东南,0.3,"2021-04-25 08:00:00",0.5,偏南,"2021-04-26 08:00:00"
深圳蛇口到珠海九洲,2,3,偏东,0.3,"2021-04-23 08:00:00",0.8,偏东,"2021-04-24 08:00:00"
深圳机场到香港机场,2,3,偏东,0.1,"2021-04-23 08:00:00",0.5,偏东,"2021-04-24 08:00:00"
深圳蛇口到珠海九洲,2,3,东南,0.2,"2021-04-27 08:00:00",0.6,东南,"2021-04-28 08:00:00"
深圳机场到香港机场,2,3,东南,0.1,"2021-04-27 08:00:00",0.5,东南,"2021-04-28 08:00:00"
深圳蛇口到珠海九洲,3,4,东,0.2,"2021-04-26 08:00:00",0.7,东,"2021-04-27 08:00:00"
深圳机场到香港机场,3,4,东,0.1,"2021-04-26 08:00:00",0.6,东,"2021-04-27 08:00:00"
深圳蛇口到珠海九洲,3,4,东,0.3,"2021-04-27 08:00:00",0.9,东,"2021-04-28 08:00:00"
深圳机场到香港机场,3,4,东,0.2,"2021-04-27 08:00:00",0.7,东,"2021-04-28 08:00:00"
深圳蛇口到珠海九洲,3,3,东,0.2,"2021-04-28 08:00:00",0.8,东,"2021-04-29 08:00:00"
深圳机场到香港机场,3,3,东,0.2,"2021-04-28 08:00:00",0.6,东,"2021-04-29 08:00:00"
深圳蛇口到珠海九洲,3,4,东,0.3,"2021-04-28 08:00:00",0.7,东,"2021-04-29 08:00:00"
深圳机场到香港机场,3,4,东,0.2,"2021-04-28 08:00:00",0.5,东,"2021-04-29 08:00:00"
深圳蛇口到珠海九洲,3,3,东,0.2,"2021-04-29 08:00:00",0.6,东,"2021-04-30 08:00:00"
深圳机场到香港机场,3,3,东,0.1,"2021-04-29 08:00:00",0.4,东,"2021-04-30 08:00:00"
深圳蛇口到珠海九洲,3,3,东,0.2,"2021-04-30 08:00:00",0.6,东北,"2021-05-01 08:00:00"
深圳机场到香港机场,3,3,东,0.1,"2021-04-30 08:00:00",0.4,东北,"2021-05-01 08:00:00"
深圳蛇口到珠海九洲,3,4,东,0.3,"2021-04-29 08:00:00",0.7,东北,"2021-04-30 08:00:00"
深圳机场到香港机场,3,4,东,0.2,"2021-04-29 08:00:00",0.5,东北,"2021-04-30 08:00:00"
深圳蛇口到珠海九洲,2,3,东,0.3,"2021-05-01 08:00:00",0.6,东南,"2021-05-02 08:00:00"
深圳机场到香港机场,2,3,东,0.2,"2021-05-01 08:00:00",0.4,东南,"2021-05-02 08:00:00"
深圳蛇口到珠海九洲,2,3,东,0.3,"2021-04-30 08:00:00",0.6,东北,"2021-05-01 08:00:00"
深圳机场到香港机场,2,3,东,0.2,"2021-04-30 08:00:00",0.4,东南,"2021-05-01 08:00:00"
深圳蛇口到珠海九洲,3,4,南,0.3,"2021-06-01 08:00:00",0.9,南,"2021-06-02 08:00:00"
深圳蛇口到珠海九洲,3,4,南,0.3,"2021-06-02 08:00:00",0.8,南,"2021-06-03 08:00:00"
深圳机场到香港机场,3,4,南,0.3,"2021-06-01 08:00:00",0.8,南,"2021-06-02 08:00:00"
深圳机场到香港机场,3,4,南,0.3,"2021-06-02 08:00:00",0.7,南,"2021-06-03 08:00:00"
深圳蛇口到珠海九洲,3,4,南,0.2,"2021-06-03 08:00:00",0.6,南,"2021-06-04 08:00:00"
深圳机场到香港机场,3,4,南,0.1,"2021-06-03 08:00:00",0.5,南,"2021-06-04 08:00:00"
深圳蛇口到珠海九洲,3,4,南,0.2,"2021-06-02 08:00:00",0.7,南,"2021-06-03 08:00:00"
深圳机场到香港机场,3,4,南,0.1,"2021-06-02 08:00:00",0.6,南,"2021-06-03 08:00:00"
深圳蛇口到珠海九洲,3,4,西南,0.1,"2021-06-04 08:00:00",0.8,西南,"2021-06-05 08:00:00"
深圳机场到香港机场,3,4,西南,0.1,"2021-06-04 08:00:00",0.6,西南,"2021-06-05 08:00:00"
深圳蛇口到珠海九洲,3,4,西南,0.1,"2021-06-03 08:00:00",0.6,西南,"2021-06-04 08:00:00"
深圳机场到香港机场,3,4,西南,0.1,"2021-06-03 08:00:00",0.4,西南,"2021-06-04 08:00:00"
深圳蛇口到珠海九洲,3,4,南,0.3,"2021-06-05 08:00:00",0.7,南,"2021-06-06 08:00:00"
深圳机场到香港机场,3,4,南,0.2,"2021-06-05 08:00:00",0.6,南,"2021-06-06 08:00:00"
深圳蛇口到珠海九洲,3,4,西南,0.2,"2021-06-04 08:00:00",0.8,西南,"2021-06-05 08:00:00"
深圳机场到香港机场,3,4,西南,0.1,"2021-06-04 08:00:00",0.6,西南,"2021-06-05 08:00:00"
深圳蛇口到珠海九洲,3,4,南,0.3,"2021-06-06 08:00:00",0.7,南,"2021-06-07 08:00:00"
深圳机场到香港机场,3,4,南,0.2,"2021-06-06 08:00:00",0.6,南,"2021-06-07 08:00:00"
深圳蛇口到珠海九洲,3,4,南,0.1,"2021-06-07 08:00:00",0.6,南,"2021-06-08 08:00:00"
深圳蛇口到珠海九洲,3,4,南,0.1,"2021-06-08 08:00:00",0.7,南,"2021-06-09 08:00:00"
深圳机场到香港机场,3,4,南,0.1,"2021-06-07 08:00:00",0.5,南,"2021-06-08 08:00:00"
深圳机场到香港机场,3,4,南,0.1,"2021-06-08 08:00:00",0.6,南,"2021-06-09 08:00:00"
深圳蛇口到珠海九洲,3,4,南,0.1,"2021-06-09 08:00:00",0.6,南,"2021-06-10 08:00:00"
深圳机场到香港机场,3,4,南,0.1,"2021-06-09 08:00:00",0.5,南,"2021-06-10 08:00:00"
深圳蛇口到珠海九洲,3,4,南,0.1,"2021-06-08 08:00:00",0.5,南,"2021-06-09 08:00:00"
深圳机场到香港机场,3,4,南,0.1,"2021-06-08 08:00:00",0.4,南,"2021-06-09 08:00:00"
深圳蛇口到珠海九洲,3,4,南,0.1,"2021-06-09 08:00:00",0.6,南,"2021-06-10 08:00:00"
深圳机场到香港机场,3,4,南,0.1,"2021-06-09 08:00:00",0.5,南,"2021-06-10 08:00:00"
深圳蛇口到珠海九洲,3,4,南,0.1,"2021-06-08 08:00:00",0.5,南,"2021-06-09 08:00:00"
深圳机场到香港机场,3,4,南,0.1,"2021-06-08 08:00:00",0.4,南,"2021-06-09 08:00:00"
深圳蛇口到珠海九洲,3,4,南,0.1,"2021-06-09 08:00:00",0.5,南,"2021-06-10 08:00:00"
深圳机场到香港机场,3,4,南,0.1,"2021-06-09 08:00:00",0.4,南,"2021-06-10 08:00:00"
深圳蛇口到珠海九洲,3,4,南,0.1,"2021-06-10 08:00:00",0.5,南,"2021-06-11 08:00:00"
深圳机场到香港机场,3,4,南,0.1,"2021-06-10 08:00:00",0.4,南,"2021-06-11 08:00:00"
深圳蛇口到珠海九洲,3,4,东南,0.1,"2021-06-10 08:00:00",0.6,东南,"2021-06-11 08:00:00"
深圳机场到香港机场,3,4,东南,0.1,"2021-06-10 08:00:00",0.5,东南,"2021-06-11 08:00:00"
深圳蛇口到珠海九洲,3,4,东南,0.1,"2021-06-11 08:00:00",0.7,东南,"2021-06-12 08:00:00"
深圳机场到香港机场,3,4,东南,0.1,"2021-06-11 08:00:00",0.6,东南,"2021-06-12 08:00:00"
深圳蛇口到珠海九洲,3,4,南,0.3,"2021-06-13 08:00:00",0.7,南,"2021-06-14 08:00:00"
深圳机场到香港机场,3,4,南,0.2,"2021-06-13 08:00:00",0.6,南,"2021-06-14 08:00:00"
深圳蛇口到珠海九洲,3,4,东南,0.1,"2021-06-11 08:00:00",0.6,东南,"2021-06-12 08:00:00"
深圳机场到香港机场,3,4,东南,0.1,"2021-06-11 08:00:00",0.5,东南,"2021-06-12 08:00:00"
深圳蛇口到珠海九洲,4,5,南,0.5,"2021-06-12 08:00:00",1,南,"2021-06-13 08:00:00"
深圳机场到香港机场,4,5,南,0.5,"2021-06-12 08:00:00",0.9,南,"2021-06-13 08:00:00"
深圳蛇口到珠海九洲,3,4,南,0.4,"2021-06-14 08:00:00",0.9,南,"2021-06-15 08:00:00"
深圳机场到香港机场,3,4,南,0.3,"2021-06-14 08:00:00",0.6,南,"2021-06-15 08:00:00"
深圳蛇口到珠海九洲,3,4,南,0.3,"2021-06-15 08:00:00",0.8,南,"2021-06-16 08:00:00"
深圳机场到香港机场,3,4,南,0.2,"2021-06-15 08:00:00",0.5,南,"2021-06-16 08:00:00"
深圳蛇口到珠海九洲,3,4,西南,0.2,"2021-06-15 08:00:00",0.6,西南,"2021-06-16 08:00:00"
深圳机场到香港机场,3,4,西南,0.1,"2021-06-15 08:00:00",0.5,西南,"2021-06-16 08:00:00"
深圳蛇口到珠海九洲,3,4,西南,0.2,"2021-06-16 08:00:00",0.6,西南,"2021-06-17 08:00:00"
深圳机场到香港机场,3,4,西南,0.1,"2021-06-16 08:00:00",0.5,西南,"2021-06-17 08:00:00"
深圳蛇口到珠海九洲,3,4,南,0.3,"2021-06-17 08:00:00",0.7,西南,"2021-06-18 08:00:00"
深圳机场到香港机场,3,4,南,0.2,"2021-06-17 08:00:00",0.4,西南,"2021-06-18 08:00:00"
深圳蛇口到珠海九洲,3,4,南,0.3,"2021-06-16 08:00:00",0.8,西南,"2021-06-17 08:00:00"
深圳机场到香港机场,3,4,南,0.2,"2021-06-16 08:00:00",0.4,西南,"2021-06-17 08:00:00"
深圳蛇口到珠海九洲,3,4,西南,0.2,"2021-06-17 08:00:00",0.7,西南,"2021-06-18 08:00:00"
深圳机场到香港机场,3,4,西南,0.2,"2021-06-17 08:00:00",0.6,西南,"2021-06-18 08:00:00"
深圳蛇口到珠海九洲,3,4,西南,0.2,"2021-06-18 08:00:00",0.7,西南,"2021-06-19 08:00:00"
深圳机场到香港机场,3,4,西南,0.2,"2021-06-18 08:00:00",0.6,西南,"2021-06-19 08:00:00"
深圳蛇口到珠海九洲,4,5,南,0.4,"2021-06-20 08:00:00",1.1,南,"2021-06-21 08:00:00"
深圳机场到香港机场,4,5,南,0.4,"2021-06-20 08:00:00",0.8,南,"2021-06-21 08:00:00"
深圳蛇口到珠海九洲,3,4,南,0.4,"2021-06-19 08:00:00",0.8,南,"2021-06-20 08:00:00"
深圳机场到香港机场,3,4,南,0.3,"2021-06-19 08:00:00",0.7,南,"2021-06-20 08:00:00"
深圳蛇口到珠海九洲,4,5,南,0.4,"2021-06-21 08:00:00",1.1,南,"2021-06-22 08:00:00"
深圳机场到香港机场,4,5,南,0.4,"2021-06-21 08:00:00",0.8,南,"2021-06-22 08:00:00"
深圳蛇口到珠海九洲,3,4,西南,0.2,"2021-06-18 08:00:00",0.7,西南,"2021-06-19 08:00:00"
深圳机场到香港机场,3,4,西南,0.2,"2021-06-18 08:00:00",0.6,西南,"2021-06-19 08:00:00"
深圳蛇口到珠海九洲,3,4,西南,0.2,"2021-06-22 08:00:00",0.8,西南,"2021-06-23 08:00:00"
深圳机场到香港机场,3,4,西南,0.2,"2021-06-22 08:00:00",0.7,西南,"2021-06-23 08:00:00"
深圳蛇口到珠海九洲,3,4,西南,0.2,"2021-06-21 08:00:00",0.7,西南,"2021-06-22 08:00:00"
深圳机场到香港机场,3,4,西南,0.2,"2021-06-21 08:00:00",0.6,西南,"2021-06-22 08:00:00"
深圳蛇口到珠海九洲,4,5,西南,0.3,"2021-06-22 08:00:00",0.9,西南,"2021-06-23 08:00:00"
深圳机场到香港机场,3,4,西南,0.2,"2021-06-22 08:00:00",0.7,西南,"2021-06-23 08:00:00"
深圳蛇口到珠海九洲,3,4,西南,0.3,"2021-06-23 08:00:00",0.9,西南,"2021-06-24 08:00:00"
深圳机场到香港机场,3,4,西南,0.2,"2021-06-23 08:00:00",0.7,西南,"2021-06-24 08:00:00"
深圳蛇口到珠海九洲,4,5,西南,0.3,"2021-06-22 08:00:00",0.9,西南,"2021-06-23 08:00:00"
深圳机场到香港机场,3,4,西南,0.2,"2021-06-22 08:00:00",0.7,西南,"2021-06-23 08:00:00"
深圳蛇口到珠海九洲,3,4,西南,0.3,"2021-06-23 08:00:00",0.9,西南,"2021-06-24 08:00:00"
深圳机场到香港机场,3,4,西南,0.2,"2021-06-23 08:00:00",0.7,西南,"2021-06-24 08:00:00"
深圳蛇口到珠海九洲,3,4,南,0.2,"2021-06-24 08:00:00",0.7,南,"2021-06-25 08:00:00"
深圳蛇口到珠海九洲,2,3,南,0.3,"2021-06-25 08:00:00",0.6,南,"2021-06-26 08:00:00"
深圳机场到香港机场,3,4,南,0.1,"2021-06-24 08:00:00",0.6,南,"2021-06-25 08:00:00"
深圳机场到香港机场,2,3,南,0.1,"2021-06-25 08:00:00",0.5,南,"2021-06-26 08:00:00"
深圳蛇口到珠海九洲,3,4,南,0.3,"2021-06-26 08:00:00",0.7,南,"2021-06-27 08:00:00"
深圳机场到香港机场,3,4,南,0.3,"2021-06-26 08:00:00",0.6,南,"2021-06-27 08:00:00"
深圳蛇口到珠海九洲,3,4,南,0.2,"2021-06-25 08:00:00",0.7,南,"2021-06-26 08:00:00"
深圳机场到香港机场,3,4,南,0.1,"2021-06-25 08:00:00",0.5,南,"2021-06-26 08:00:00"
深圳蛇口到珠海九洲,3,4,南,0.3,"2021-06-27 08:00:00",0.6,西南,"2021-06-28 08:00:00"
深圳机场到香港机场,3,4,南,0.2,"2021-06-27 08:00:00",0.6,西南,"2021-06-28 08:00:00"
深圳蛇口到珠海九洲,3,4,南,0.3,"2021-06-28 08:00:00",0.7,西南,"2021-06-29 08:00:00"
深圳机场到香港机场,3,4,南,0.3,"2021-06-28 08:00:00",0.6,西南,"2021-06-29 08:00:00"
深圳蛇口到珠海九洲,3,4,西南,0.2,"2021-06-28 08:00:00",0.7,西南,"2021-06-29 08:00:00"
深圳机场到香港机场,3,4,西南,0.2,"2021-06-28 08:00:00",0.6,西南,"2021-06-29 08:00:00"
深圳蛇口到珠海九洲,3,4,西南,0.2,"2021-06-29 08:00:00",0.7,西南,"2021-06-30 08:00:00"
深圳机场到香港机场,3,4,西南,0.2,"2021-06-29 08:00:00",0.6,西南,"2021-06-30 08:00:00"
深圳蛇口到珠海九洲,3,4,西南,0.3,"2021-06-30 08:00:00",0.7,西南,"2021-07-01 08:00:00"
深圳机场到香港机场,3,4,西南,0.2,"2021-06-30 08:00:00",0.6,西南,"2021-07-01 08:00:00"
深圳蛇口到珠海九洲,3,4,西南,0.3,"2021-06-29 08:00:00",0.7,西南,"2021-06-30 08:00:00"
深圳机场到香港机场,3,4,西南,0.2,"2021-06-29 08:00:00",0.6,西南,"2021-06-30 08:00:00"
深圳蛇口到珠海九洲,3,4,西南,0.1,"2021-07-01 08:00:00",0.8,西南,"2021-07-02 08:00:00"
深圳机场到香港机场,3,4,西南,0.1,"2021-07-01 08:00:00",0.7,西南,"2021-07-02 08:00:00"
深圳蛇口到珠海九洲,3,4,西南,0.1,"2021-06-30 08:00:00",0.8,西南,"2021-07-01 08:00:00"
深圳机场到香港机场,3,4,西南,0.1,"2021-06-30 08:00:00",0.7,西南,"2021-07-01 08:00:00"
深圳蛇口到珠海九洲,3,4,南,0.3,"2021-07-01 08:00:00",0.8,南,"2021-07-02 08:00:00"
深圳机场到香港机场,3,4,南,0.2,"2021-07-01 08:00:00",0.7,南,"2021-07-02 08:00:00"
深圳蛇口到珠海九洲,3,4,南,0.3,"2021-07-02 08:00:00",0.7,南,"2021-07-03 08:00:00"
深圳机场到香港机场,3,4,南,0.2,"2021-07-02 08:00:00",0.6,南,"2021-07-03 08:00:00"
深圳蛇口到珠海九洲,3,4,南,0.3,"2021-07-05 08:00:00",0.7,南,"2021-07-06 08:00:00"
深圳机场到香港机场,3,4,南,0.2,"2021-07-05 08:00:00",0.6,南,"2021-07-06 08:00:00"
深圳蛇口到珠海九洲,3,4,南,0.3,"2021-07-04 08:00:00",0.7,南,"2021-07-05 08:00:00"
深圳机场到香港机场,3,4,南,0.2,"2021-07-04 08:00:00",0.6,南,"2021-07-05 08:00:00"
深圳蛇口到珠海九洲,3,4,南,0.1,"2021-07-02 08:00:00",0.7,南,"2021-07-03 08:00:00"
深圳机场到香港机场,3,4,南,0.1,"2021-07-02 08:00:00",0.6,南,"2021-07-03 08:00:00"
深圳蛇口到珠海九洲,3,4,南,0.3,"2021-07-03 08:00:00",0.7,南,"2021-07-04 08:00:00"
深圳机场到香港机场,3,4,南,0.2,"2021-07-03 08:00:00",0.6,南,"2021-07-04 08:00:00"
深圳蛇口到珠海九洲,3,4,南,0.2,"2021-07-05 08:00:00",0.7,南,"2021-07-06 08:00:00"
深圳机场到香港机场,3,4,南,0.2,"2021-07-05 08:00:00",0.6,南,"2021-07-06 08:00:00"
深圳蛇口到珠海九洲,3,4,南,0.2,"2021-07-06 08:00:00",0.7,南,"2021-07-07 08:00:00"
深圳机场到香港机场,3,4,南,0.2,"2021-07-06 08:00:00",0.6,南,"2021-07-07 08:00:00"
深圳蛇口到珠海九洲,4,5,东南,0.2,"2021-07-06 08:00:00",0.7,东南,"2021-07-07 08:00:00"
深圳机场到香港机场,4,5,东南,0.2,"2021-07-06 08:00:00",0.6,东南,"2021-07-07 08:00:00"
深圳蛇口到珠海九洲,4,5,东南,0.2,"2021-07-07 08:00:00",0.7,东南,"2021-07-08 08:00:00"
深圳机场到香港机场,4,5,东南,0.2,"2021-07-07 08:00:00",0.6,东南,"2021-07-08 08:00:00"
深圳蛇口到珠海九洲,2,3,东南,0.1,"2021-07-09 08:00:00",0.6,东南,"2021-07-10 08:00:00"
深圳机场到香港机场,2,3,东南,0.1,"2021-07-09 08:00:00",0.5,东南,"2021-07-10 08:00:00"
深圳蛇口到珠海九洲,4,5,东南,0.1,"2021-07-07 08:00:00",0.6,东南,"2021-07-08 08:00:00"
深圳机场到香港机场,3,4,东南,0.1,"2021-07-07 08:00:00",0.5,东南,"2021-07-08 08:00:00"
深圳蛇口到珠海九洲,3,4,东南,0.1,"2021-07-08 08:00:00",0.6,东南,"2021-07-09 08:00:00"
深圳机场到香港机场,3,4,东南,0.1,"2021-07-08 08:00:00",0.5,东南,"2021-07-09 08:00:00"
深圳蛇口到珠海九洲,2,3,南,0.1,"2021-07-09 08:00:00",0.6,南,"2021-07-10 08:00:00"
深圳机场到香港机场,2,3,南,0.1,"2021-07-09 08:00:00",0.5,南,"2021-07-10 08:00:00"
深圳蛇口到珠海九洲,2,3,南东南,0.3,"2021-07-10 08:00:00",0.7,东南,"2021-07-11 08:00:00"
深圳机场到香港机场,2,3,南东南,0.2,"2021-07-10 08:00:00",0.6,东南,"2021-07-11 08:00:00"
深圳蛇口到珠海九洲,2,3,南东南,0.3,"2021-07-11 08:00:00",0.7,东南,"2021-07-12 08:00:00"
深圳机场到香港机场,2,3,南东南,0.2,"2021-07-11 08:00:00",0.6,东南,"2021-07-12 08:00:00"
深圳蛇口到珠海九洲,3,4,南,0.3,"2021-07-12 08:00:00",0.7,东南,"2021-07-13 08:00:00"
深圳机场到香港机场,3,4,南,0.2,"2021-07-12 08:00:00",0.6,东南,"2021-07-13 08:00:00"
深圳蛇口到珠海九洲,3,4,南,0.3,"2021-07-11 08:00:00",0.7,东南,"2021-07-12 08:00:00"
深圳机场到香港机场,3,4,南,0.2,"2021-07-11 08:00:00",0.6,东南,"2021-07-12 08:00:00"
深圳蛇口到珠海九洲,2,3,南,0.2,"2021-07-13 08:00:00",0.7,南,"2021-07-14 08:00:00"
深圳机场到香港机场,2,3,南,0.2,"2021-07-13 08:00:00",0.6,南,"2021-07-14 08:00:00"
深圳蛇口到珠海九洲,2,3,南,0.2,"2021-07-12 08:00:00",0.7,南,"2021-07-13 08:00:00"
深圳机场到香港机场,2,3,南,0.2,"2021-07-12 08:00:00",0.6,南,"2021-07-13 08:00:00"
